{
    "root_group": {
        "id": "d41d8cd98f00b204e9800998ecf8427e",
        "groups": {},
        "checks": {
                "status is 200": {
                    "name": "status is 200",
                    "path": "::status is 200",
                    "id": "6210a8cd14cd70477eba5c5e4cb3fb5f",
                    "passes": 15396,
                    "fails": 0
                },
                "response has awardId": {
                    "name": "response has awardId",
                    "path": "::response has awardId",
                    "id": "6dcdd9299cb84cf73143ac3b0972cbb5",
                    "passes": 15396,
                    "fails": 0
                }
            },
        "name": "",
        "path": ""
    },
    "metrics": {
        "dropped_iterations": {
            "count": 3811,
            "rate": 115.95367590099916
        },
        "http_req_failed": {
            "passes": 0,
            "fails": 15397,
            "value": 0
        },
        "iterations": {
            "count": 15397,
            "rate": 468.4698892279412
        },
        "http_req_sending": {
            "max": 6.8328,
            "p(90)": 0,
            "p(95)": 0,
            "avg": 0.02536587646944212,
            "min": 0,
            "med": 0
        },
        "http_req_tls_handshaking": {
            "p(90)": 0,
            "p(95)": 0,
            "avg": 0,
            "min": 0,
            "med": 0,
            "max": 0
        },
        "raffle_draw_failed_rate": {
            "fails": 15396,
            "passes": 0,
            "value": 0
        },
        "data_sent": {
            "count": 3493623,
            "rate": 106297.14748419743
        },
        "http_req_duration": {
            "avg": 4817.479375787489,
            "min": 149.8356,
            "med": 5483.3048,
            "max": 8068.4341,
            "p(90)": 6810.95978,
            "p(95)": 6963.78028
        },
        "http_req_duration{expected_response:true}": {
            "avg": 4817.479375787489,
            "min": 149.8356,
            "med": 5483.3048,
            "max": 8068.4341,
            "p(90)": 6810.95978,
            "p(95)": 6963.78028
        },
        "http_req_receiving": {
            "med": 0,
            "max": 10.6872,
            "p(90)": 0.5332,
            "p(95)": 0.7378,
            "avg": 0.1589347015652395,
            "min": 0
        },
        "http_req_connecting": {
            "p(95)": 0.6880399999999987,
            "avg": 0.11014306683120087,
            "min": 0,
            "med": 0,
            "max": 8.0376,
            "p(90)": 0.51984
        },
        "checks": {
            "passes": 30792,
            "fails": 0,
            "value": 1
        },
        "iteration_duration": {
            "avg": 4823.188143300647,
            "min": 154.9742,
            "med": 5488.745,
            "max": 8073.5861,
            "p(90)": 6816.71652,
            "p(95)": 6969.356419999999
        },
        "vus_max": {
            "max": 4344,
            "value": 4344,
            "min": 1200
        },
        "http_reqs": {
            "count": 15397,
            "rate": 468.4698892279412
        },
        "http_req_waiting": {
            "min": 149.3238,
            "med": 5482.8902,
            "max": 8068.4341,
            "p(90)": 6810.8801,
            "p(95)": 6963.2609,
            "avg": 4817.295075209459
        },
        "vus": {
            "value": 4336,
            "min": 523,
            "max": 4336
        },
        "http_req_blocked": {
            "min": 0,
            "med": 0,
            "max": 8.0376,
            "p(90)": 0.5234399999999999,
            "p(95)": 0.8978399999999916,
            "avg": 0.12485119828538026
        },
        "raffle_draw_duration_ms": {
            "p(90)": 6810.795050000001,
            "p(95)": 6963.231275,
            "avg": 4817.3263638412545,
            "min": 149.8356,
            "med": 5483.0975,
            "max": 8068.4341
        },
        "data_received": {
            "count": 3671905,
            "rate": 111721.56449993658
        }
    }
}