{
    "root_group": {
        "checks": {
            "status is 200": {
                "name": "status is 200",
                "path": "::status is 200",
                "id": "6210a8cd14cd70477eba5c5e4cb3fb5f",
                "passes": 9001,
                "fails": 0
            },
            "awardId exists": {
                "path": "::awardId exists",
                "id": "cd2a9e2e5c19fa1d0db66738766f48e5",
                "passes": 9001,
                "fails": 0,
                "name": "awardId exists"
            }
        },
        "name": "",
        "path": "",
        "id": "d41d8cd98f00b204e9800998ecf8427e",
        "groups": {}
    },
    "metrics": {
        "http_req_connecting": {
            "avg": 0.06595419397844687,
            "min": 0,
            "med": 0,
            "max": 5.1724,
            "p(90)": 0.5034,
            "p(95)": 0.5184
        },
        "data_received": {
            "count": 2179984,
            "rate": 144799.24231446974
        },
        "http_req_waiting": {
            "max": 2400.0005,
            "p(90)": 796.5853,
            "p(95)": 908.8751,
            "avg": 320.07837646928243,
            "min": 19.0614,
            "med": 176.1138
        },
        "http_reqs": {
            "count": 9001,
            "rate": 597.8658467550873
        },
        "http_req_duration": {
            "avg": 320.3034390178886,
            "min": 19.0614,
            "med": 176.704,
            "max": 2400.0005,
            "p(90)": 796.6937,
            "p(95)": 909.1697
        },
        "iteration_duration": {
            "p(95)": 921.2951,
            "avg": 331.84178955671644,
            "min": 29.1503,
            "med": 187.7417,
            "max": 2410.6435,
            "p(90)": 810.2169
        },
        "http_req_blocked": {
            "avg": 0.0821606710365516,
            "min": 0,
            "med": 0,
            "max": 5.8835,
            "p(90)": 0.5104,
            "p(95)": 0.5235
        },
        "iterations": {
            "count": 9001,
            "rate": 597.8658467550873
        },
        "vus_max": {
            "value": 1600,
            "min": 1600,
            "max": 1600
        },
        "vus": {
            "value": 30,
            "min": 25,
            "max": 556
        },
        "http_req_receiving": {
            "avg": 0.1685241528719033,
            "min": 0,
            "med": 0,
            "max": 100.9104,
            "p(90)": 0.5131,
            "p(95)": 1.0032
        },
        "checks": {
            "passes": 18002,
            "fails": 0,
            "value": 1
        },
        "http_req_tls_handshaking": {
            "min": 0,
            "med": 0,
            "max": 0,
            "p(90)": 0,
            "p(95)": 0,
            "avg": 0
        },
        "http_req_failed": {
            "passes": 0,
            "fails": 9001,
            "value": 0
        },
        "http_req_duration{expected_response:true}": {
            "avg": 320.3034390178886,
            "min": 19.0614,
            "med": 176.704,
            "max": 2400.0005,
            "p(90)": 796.6937,
            "p(95)": 909.1697
        },
        "data_sent": {
            "count": 1586709,
            "rate": 105392.63635584022
        },
        "http_req_sending": {
            "avg": 0.05653839573380738,
            "min": 0,
            "med": 0,
            "max": 17.5473,
            "p(90)": 0,
            "p(95)": 0.5034
        }
    }
}