{
    "metrics": {
        "http_req_receiving": {
            "p(95)": 0.5756449999999993,
            "avg": 0.11604495000000012,
            "min": 0,
            "med": 0,
            "max": 10.4059,
            "p(90)": 0.51792
        },
        "vus": {
            "value": 608,
            "min": 162,
            "max": 883
        },
        "vus_max": {
            "min": 1600,
            "max": 1600,
            "value": 1600
        },
        "http_req_connecting": {
            "max": 1.5375,
            "p(90)": 0,
            "p(95)": 0.5061,
            "avg": 0.03129922499999999,
            "min": 0,
            "med": 0
        },
        "iteration_duration": {
            "p(90)": 1130.0776,
            "p(95)": 1222.6028999999996,
            "avg": 804.7249506999991,
            "min": 36.9027,
            "med": 831.1406999999999,
            "max": 2008.8896
        },
        "data_received": {
            "count": 2902508,
            "rate": 186961.65056414373
        },
        "http_req_failed": {
            "passes": 0,
            "fails": 12000,
            "value": 0
        },
        "http_req_blocked": {
            "avg": 0.04463069166666668,
            "min": 0,
            "med": 0,
            "max": 51.0225,
            "p(90)": 0,
            "p(95)": 0.5156099999999998
        },
        "http_req_duration": {
            "p(90)": 1118.7034800000001,
            "p(95)": 1211.7327599999999,
            "avg": 793.5904158666681,
            "min": 26.0636,
            "med": 819.8906999999999,
            "max": 1971.8877
        },
        "http_req_waiting": {
            "avg": 793.4384041416653,
            "min": 25.9047,
            "med": 819.72245,
            "max": 1971.8877,
            "p(90)": 1118.42856,
            "p(95)": 1211.73013
        },
        "http_req_duration{expected_response:true}": {
            "min": 26.0636,
            "med": 819.8906999999999,
            "max": 1971.8877,
            "p(90)": 1118.7034800000001,
            "p(95)": 1211.7327599999999,
            "avg": 793.5904158666681
        },
        "data_sent": {
            "count": 2115578,
            "rate": 136272.47703613222
        },
        "iterations": {
            "count": 12000,
            "rate": 772.9659338646869
        },
        "http_reqs": {
            "count": 12000,
            "rate": 772.9659338646869
        },
        "http_req_tls_handshaking": {
            "avg": 0,
            "min": 0,
            "med": 0,
            "max": 0,
            "p(90)": 0,
            "p(95)": 0
        },
        "http_req_sending": {
            "avg": 0.035966775,
            "min": 0,
            "med": 0,
            "max": 19.1419,
            "p(90)": 0,
            "p(95)": 0
        },
        "checks": {
            "passes": 24000,
            "fails": 0,
            "value": 1
        }
    },
    "root_group": {
        "name": "",
        "path": "",
        "id": "d41d8cd98f00b204e9800998ecf8427e",
        "groups": {},
        "checks": {
                "status is 200": {
                    "name": "status is 200",
                    "path": "::status is 200",
                    "id": "6210a8cd14cd70477eba5c5e4cb3fb5f",
                    "passes": 12000,
                    "fails": 0
                },
                "awardId exists": {
                    "name": "awardId exists",
                    "path": "::awardId exists",
                    "id": "cd2a9e2e5c19fa1d0db66738766f48e5",
                    "passes": 12000,
                    "fails": 0
                }
            }
    }
}