{
    "root_group": {
        "name": "",
        "path": "",
        "id": "d41d8cd98f00b204e9800998ecf8427e",
        "groups": {},
        "checks": {
                "status is 200": {
                    "name": "status is 200",
                    "path": "::status is 200",
                    "id": "6210a8cd14cd70477eba5c5e4cb3fb5f",
                    "passes": 3001,
                    "fails": 0
                },
                "awardId exists": {
                    "passes": 3001,
                    "fails": 0,
                    "name": "awardId exists",
                    "path": "::awardId exists",
                    "id": "cd2a9e2e5c19fa1d0db66738766f48e5"
                }
            }
    },
    "metrics": {
        "vus_max": {
            "value": 1600,
            "min": 1600,
            "max": 1600
        },
        "data_sent": {
            "count": 528975,
            "rate": 35195.425448337555
        },
        "http_req_failed": {
            "passes": 0,
            "fails": 3001,
            "value": 0
        },
        "http_reqs": {
            "count": 3001,
            "rate": 199.67195381721444
        },
        "http_req_duration": {
            "avg": 73.62521682772412,
            "min": 8.128,
            "med": 31.2309,
            "max": 935.2226,
            "p(90)": 162.344,
            "p(95)": 319.0303
        },
        "http_req_tls_handshaking": {
            "med": 0,
            "max": 0,
            "p(90)": 0,
            "p(95)": 0,
            "avg": 0,
            "min": 0
        },
        "vus": {
            "min": 6,
            "max": 57,
            "value": 7
        },
        "http_req_connecting": {
            "min": 0,
            "med": 0,
            "max": 14.386,
            "p(90)": 1.5135,
            "p(95)": 2.0978,
            "avg": 0.5406689436854379
        },
        "checks": {
            "passes": 6002,
            "fails": 0,
            "value": 1
        },
        "iteration_duration": {
            "p(95)": 331.7236,
            "avg": 85.48565804731757,
            "min": 18.3963,
            "med": 42.9007,
            "max": 948.1982,
            "p(90)": 179.035
        },
        "http_req_blocked": {
            "avg": 0.6191928357214256,
            "min": 0,
            "med": 0,
            "max": 16.4621,
            "p(90)": 1.6359,
            "p(95)": 2.3737
        },
        "http_req_duration{expected_response:true}": {
            "med": 31.2309,
            "max": 935.2226,
            "p(90)": 162.344,
            "p(95)": 319.0303,
            "avg": 73.62521682772412,
            "min": 8.128
        },
        "http_req_receiving": {
            "avg": 0.19989456847717424,
            "min": 0,
            "med": 0,
            "max": 10.9037,
            "p(90)": 0.6588,
            "p(95)": 1.0118
        },
        "iterations": {
            "count": 3001,
            "rate": 199.67195381721444
        },
        "http_req_sending": {
            "med": 0,
            "max": 7.4269,
            "p(90)": 0.5078,
            "p(95)": 0.5407,
            "avg": 0.09673115628123963,
            "min": 0
        },
        "data_received": {
            "count": 726585,
            "rate": 48343.43437663471
        },
        "http_req_waiting": {
            "avg": 73.32859110296575,
            "min": 8.128,
            "med": 30.9578,
            "max": 935.2226,
            "p(90)": 162.1046,
            "p(95)": 319.0303
        }
    }
}