{
    "root_group": {
        "name": "",
        "path": "",
        "id": "d41d8cd98f00b204e9800998ecf8427e",
        "groups": {},
        "checks": {
                "status is 200": {
                    "name": "status is 200",
                    "path": "::status is 200",
                    "id": "6210a8cd14cd70477eba5c5e4cb3fb5f",
                    "passes": 51,
                    "fails": 0
                },
                "awardId exists": {
                    "id": "cd2a9e2e5c19fa1d0db66738766f48e5",
                    "passes": 51,
                    "fails": 0,
                    "name": "awardId exists",
                    "path": "::awardId exists"
                }
            }
    },
    "metrics": {
        "http_req_blocked": {
            "max": 1.024,
            "p(90)": 0.5027,
            "p(95)": 0.51115,
            "avg": 0.08556078431372549,
            "min": 0,
            "med": 0
        },
        "vus": {
            "max": 0,
            "value": 0,
            "min": 0
        },
        "http_req_failed": {
            "passes": 0,
            "fails": 51,
            "value": 0
        },
        "checks": {
            "passes": 102,
            "fails": 0,
            "value": 1
        },
        "http_req_duration": {
            "avg": 21.855158823529408,
            "min": 11.8905,
            "med": 15.6984,
            "max": 195.7643,
            "p(90)": 24.9194,
            "p(95)": 27.77515
        },
        "data_received": {
            "count": 12172,
            "rate": 2422.435349564964
        },
        "http_req_receiving": {
            "med": 0,
            "max": 1.5297,
            "p(90)": 1.0046,
            "p(95)": 1.2664499999999999,
            "avg": 0.24864509803921567,
            "min": 0
        },
        "vus_max": {
            "value": 20,
            "min": 20,
            "max": 20
        },
        "http_reqs": {
            "count": 51,
            "rate": 10.149868783093423
        },
        "http_req_duration{expected_response:true}": {
            "avg": 21.855158823529408,
            "min": 11.8905,
            "med": 15.6984,
            "max": 195.7643,
            "p(90)": 24.9194,
            "p(95)": 27.77515
        },
        "http_req_waiting": {
            "max": 194.24,
            "p(90)": 24.4333,
            "p(95)": 27.77515,
            "avg": 21.576811764705873,
            "min": 11.5073,
            "med": 15.5538
        },
        "http_req_connecting": {
            "max": 1.024,
            "p(90)": 0.3104,
            "p(95)": 0.50845,
            "avg": 0.06570784313725492,
            "min": 0,
            "med": 0
        },
        "http_req_tls_handshaking": {
            "med": 0,
            "max": 0,
            "p(90)": 0,
            "p(95)": 0,
            "avg": 0,
            "min": 0
        },
        "http_req_sending": {
            "avg": 0.029701960784313728,
            "min": 0,
            "med": 0,
            "max": 0.5098,
            "p(90)": 0,
            "p(95)": 0.25115
        },
        "data_sent": {
            "count": 8902,
            "rate": 1771.649645237209
        },
        "iteration_duration": {
            "p(90)": 35.9654,
            "p(95)": 38.980450000000005,
            "avg": 32.978009803921566,
            "min": 22.5085,
            "med": 26.7688,
            "max": 207.6088
        },
        "iterations": {
            "count": 51,
            "rate": 10.149868783093423
        }
    }
}