{
    "metrics": {
        "http_req_failed": {
            "passes": 0,
            "fails": 10501,
            "value": 0
        },
        "http_reqs": {
            "count": 10501,
            "rate": 676.8145581348385
        },
        "http_req_connecting": {
            "max": 6.7198,
            "p(90)": 0,
            "p(95)": 0.5188,
            "avg": 0.0648957146938386,
            "min": 0,
            "med": 0
        },
        "http_req_duration{expected_response:true}": {
            "med": 706.953,
            "max": 2479.6544,
            "p(90)": 1251.7681,
            "p(95)": 1364.9249,
            "avg": 733.3779603180624,
            "min": 25.4327
        },
        "data_sent": {
            "count": 1851224,
            "rate": 119315.81311957036
        },
        "http_req_receiving": {
            "avg": 0.14607715455670903,
            "min": 0,
            "med": 0,
            "max": 71.3864,
            "p(90)": 0.5144,
            "p(95)": 0.8574
        },
        "vus_max": {
            "value": 1600,
            "min": 1600,
            "max": 1600
        },
        "vus": {
            "value": 247,
            "min": 104,
            "max": 982
        },
        "http_req_waiting": {
            "avg": 733.182211541756,
            "min": 25.4327,
            "med": 706.762,
            "max": 2479.6544,
            "p(90)": 1251.7681,
            "p(95)": 1364.733
        },
        "iteration_duration": {
            "med": 717.5957,
            "max": 2493.9188,
            "p(90)": 1263.8844,
            "p(95)": 1376.2812,
            "avg": 744.5062685268066,
            "min": 36.4871
        },
        "iterations": {
            "count": 10501,
            "rate": 676.8145581348385
        },
        "http_req_blocked": {
            "med": 0,
            "max": 6.7198,
            "p(90)": 0.5063,
            "p(95)": 0.5223,
            "avg": 0.07735872774021524,
            "min": 0
        },
        "http_req_duration": {
            "avg": 733.3779603180624,
            "min": 25.4327,
            "med": 706.953,
            "max": 2479.6544,
            "p(90)": 1251.7681,
            "p(95)": 1364.9249
        },
        "http_req_tls_handshaking": {
            "avg": 0,
            "min": 0,
            "med": 0,
            "max": 0,
            "p(90)": 0,
            "p(95)": 0
        },
        "http_req_sending": {
            "med": 0,
            "max": 97.7676,
            "p(90)": 0,
            "p(95)": 0,
            "avg": 0.04967162175030951,
            "min": 0
        },
        "checks": {
            "passes": 21002,
            "fails": 0,
            "value": 1
        },
        "data_received": {
            "count": 2540272,
            "rate": 163726.6042493384
        }
    },
    "root_group": {
        "checks": {
            "status is 200": {
                "path": "::status is 200",
                "id": "6210a8cd14cd70477eba5c5e4cb3fb5f",
                "passes": 10501,
                "fails": 0,
                "name": "status is 200"
            },
            "awardId exists": {
                "path": "::awardId exists",
                "id": "cd2a9e2e5c19fa1d0db66738766f48e5",
                "passes": 10501,
                "fails": 0,
                "name": "awardId exists"
            }
        },
        "name": "",
        "path": "",
        "id": "d41d8cd98f00b204e9800998ecf8427e",
        "groups": {}
    }
}