{
    "metrics": {
        "iteration_duration": {
            "med": 66.1998,
            "max": 1692.3525,
            "p(90)": 731.4138,
            "p(95)": 895.4337,
            "avg": 233.69495312624835,
            "min": 28.1152
        },
        "http_req_sending": {
            "p(95)": 0.5046,
            "avg": 0.06160097320357284,
            "min": 0,
            "med": 0,
            "max": 42.424,
            "p(90)": 0
        },
        "vus": {
            "value": 65,
            "min": 19,
            "max": 468
        },
        "http_req_duration": {
            "avg": 222.58115843220892,
            "min": 17.2737,
            "med": 55.4241,
            "max": 1681.1252,
            "p(90)": 719.3692,
            "p(95)": 883.9072
        },
        "http_req_duration{expected_response:true}": {
            "avg": 222.58115843220892,
            "min": 17.2737,
            "med": 55.4241,
            "max": 1681.1252,
            "p(90)": 719.3692,
            "p(95)": 883.9072
        },
        "http_reqs": {
            "count": 7501,
            "rate": 496.24426909318845
        },
        "http_req_connecting": {
            "min": 0,
            "med": 0,
            "max": 3.0077,
            "p(90)": 0,
            "p(95)": 0.5219,
            "avg": 0.05105592587654979
        },
        "data_sent": {
            "count": 1322232,
            "rate": 87475.01032017394
        },
        "iterations": {
            "count": 7501,
            "rate": 496.24426909318845
        },
        "http_req_failed": {
            "passes": 0,
            "fails": 7501,
            "value": 0
        },
        "http_req_blocked": {
            "avg": 0.0646187441674443,
            "min": 0,
            "med": 0,
            "max": 4.0952,
            "p(90)": 0,
            "p(95)": 0.5254
        },
        "http_req_receiving": {
            "min": 0,
            "med": 0,
            "max": 95.9989,
            "p(90)": 0.5239,
            "p(95)": 0.9155,
            "avg": 0.20726353819490717
        },
        "checks": {
            "passes": 15002,
            "fails": 0,
            "value": 1
        },
        "data_received": {
            "count": 1814075,
            "rate": 120013.9078063226
        },
        "http_req_waiting": {
            "min": 17.2737,
            "med": 55.2225,
            "max": 1681.1252,
            "p(90)": 719.0983,
            "p(95)": 883.5663,
            "avg": 222.31229392081062
        },
        "vus_max": {
            "value": 1600,
            "min": 1600,
            "max": 1600
        },
        "http_req_tls_handshaking": {
            "min": 0,
            "med": 0,
            "max": 0,
            "p(90)": 0,
            "p(95)": 0,
            "avg": 0
        }
    },
    "root_group": {
        "checks": {
            "status is 200": {
                "name": "status is 200",
                "path": "::status is 200",
                "id": "6210a8cd14cd70477eba5c5e4cb3fb5f",
                "passes": 7501,
                "fails": 0
            },
            "awardId exists": {
                "name": "awardId exists",
                "path": "::awardId exists",
                "id": "cd2a9e2e5c19fa1d0db66738766f48e5",
                "passes": 7501,
                "fails": 0
            }
        },
        "name": "",
        "path": "",
        "id": "d41d8cd98f00b204e9800998ecf8427e",
        "groups": {}
    }
}