{
    "root_group": {
        "id": "d41d8cd98f00b204e9800998ecf8427e",
        "groups": {},
        "checks": {
                "status is 200": {
                    "name": "status is 200",
                    "path": "::status is 200",
                    "id": "6210a8cd14cd70477eba5c5e4cb3fb5f",
                    "passes": 4501,
                    "fails": 0
                },
                "awardId exists": {
                    "fails": 0,
                    "name": "awardId exists",
                    "path": "::awardId exists",
                    "id": "cd2a9e2e5c19fa1d0db66738766f48e5",
                    "passes": 4501
                }
            },
        "name": "",
        "path": ""
    },
    "metrics": {
        "http_req_waiting": {
            "avg": 100.00592235058868,
            "min": 10.856,
            "med": 31.3817,
            "max": 1048.9208,
            "p(90)": 328.6418,
            "p(95)": 469.223
        },
        "data_received": {
            "count": 1089368,
            "rate": 72481.23599693444
        },
        "vus_max": {
            "max": 1600,
            "value": 1600,
            "min": 1600
        },
        "http_req_blocked": {
            "min": 0,
            "med": 0,
            "max": 10.46,
            "p(90)": 0.909,
            "p(95)": 1.0662,
            "avg": 0.22092563874694518
        },
        "http_req_duration{expected_response:true}": {
            "max": 1048.9208,
            "p(90)": 330.3389,
            "p(95)": 469.223,
            "avg": 100.28873479226817,
            "min": 11.1564,
            "med": 31.6681
        },
        "http_req_failed": {
            "passes": 0,
            "fails": 4501,
            "value": 0
        },
        "http_req_tls_handshaking": {
            "p(95)": 0,
            "avg": 0,
            "min": 0,
            "med": 0,
            "max": 0,
            "p(90)": 0
        },
        "checks": {
            "passes": 9002,
            "fails": 0,
            "value": 1
        },
        "vus": {
            "max": 140,
            "value": 13,
            "min": 9
        },
        "http_req_duration": {
            "p(95)": 469.223,
            "avg": 100.28873479226817,
            "min": 11.1564,
            "med": 31.6681,
            "max": 1048.9208,
            "p(90)": 330.3389
        },
        "data_sent": {
            "rate": 52787.83703849924,
            "count": 793383
        },
        "http_req_sending": {
            "p(90)": 0,
            "p(95)": 0.5126,
            "avg": 0.08828533659186834,
            "min": 0,
            "med": 0,
            "max": 97.8548
        },
        "http_reqs": {
            "count": 4501,
            "rate": 299.4745974016144
        },
        "http_req_connecting": {
            "avg": 0.18484156854032432,
            "min": 0,
            "med": 0,
            "max": 5.3425,
            "p(90)": 0.5921,
            "p(95)": 1.0286
        },
        "iterations": {
            "count": 4501,
            "rate": 299.4745974016144
        },
        "iteration_duration": {
            "avg": 111.79782397245049,
            "min": 21.4568,
            "med": 42.7959,
            "max": 1059.8238,
            "p(90)": 343.3986,
            "p(95)": 481.0976
        },
        "http_req_receiving": {
            "max": 70.7474,
            "p(90)": 0.5241,
            "p(95)": 1.0046,
            "avg": 0.1945271050877581,
            "min": 0,
            "med": 0
        }
    }
}