{
    "root_group": {
        "id": "d41d8cd98f00b204e9800998ecf8427e",
        "groups": {},
        "checks": {
                "status is 200": {
                    "fails": 0,
                    "name": "status is 200",
                    "path": "::status is 200",
                    "id": "6210a8cd14cd70477eba5c5e4cb3fb5f",
                    "passes": 15001
                },
                "awardId exists": {
                    "name": "awardId exists",
                    "path": "::awardId exists",
                    "id": "cd2a9e2e5c19fa1d0db66738766f48e5",
                    "passes": 15001,
                    "fails": 0
                }
            },
        "name": "",
        "path": ""
    },
    "metrics": {
        "data_received": {
            "count": 3631448,
            "rate": 223053.58209496384
        },
        "http_req_connecting": {
            "avg": 0.0029068728751416584,
            "min": 0,
            "med": 0,
            "max": 0.7141,
            "p(90)": 0,
            "p(95)": 0
        },
        "http_req_tls_handshaking": {
            "min": 0,
            "med": 0,
            "max": 0,
            "p(90)": 0,
            "p(95)": 0,
            "avg": 0
        },
        "iteration_duration": {
            "p(95)": 1308.1506,
            "avg": 403.9778821211915,
            "min": 32.0604,
            "med": 81.3506,
            "max": 2416.7424,
            "p(90)": 1205.7363
        },
        "http_req_sending": {
            "med": 0,
            "max": 12.3783,
            "p(90)": 0,
            "p(95)": 0,
            "avg": 0.012174895006999534,
            "min": 0
        },
        "vus": {
            "value": 98,
            "min": 46,
            "max": 1298
        },
        "http_reqs": {
            "count": 15001,
            "rate": 921.4029183418164
        },
        "http_req_duration": {
            "min": 21.2844,
            "med": 70.8001,
            "max": 2404.6763,
            "p(90)": 1194.9462,
            "p(95)": 1297.6111,
            "avg": 393.1572395506951
        },
        "http_req_duration{expected_response:true}": {
            "avg": 393.1572395506951,
            "min": 21.2844,
            "med": 70.8001,
            "max": 2404.6763,
            "p(90)": 1194.9462,
            "p(95)": 1297.6111
        },
        "http_req_blocked": {
            "avg": 0.006941563895740285,
            "min": 0,
            "med": 0,
            "max": 3.762,
            "p(90)": 0,
            "p(95)": 0
        },
        "http_req_receiving": {
            "avg": 0.0736287847476834,
            "min": 0,
            "med": 0,
            "max": 17.3107,
            "p(90)": 0.4206,
            "p(95)": 0.5128
        },
        "data_sent": {
            "count": 2644788,
            "rate": 162450.19542666597
        },
        "iterations": {
            "count": 15001,
            "rate": 921.4029183418164
        },
        "vus_max": {
            "max": 1600,
            "value": 1600,
            "min": 1600
        },
        "http_req_failed": {
            "passes": 0,
            "fails": 15001,
            "value": 0
        },
        "http_req_waiting": {
            "med": 70.6874,
            "max": 2404.1684,
            "p(90)": 1194.9462,
            "p(95)": 1297.3783,
            "avg": 393.0714358709409,
            "min": 21.2844
        },
        "checks": {
            "passes": 30002,
            "fails": 0,
            "value": 1
        }
    }
}