{
    "root_group": {
        "name": "",
        "path": "",
        "id": "d41d8cd98f00b204e9800998ecf8427e",
        "groups": {},
        "checks": {
                "status is 200": {
                    "name": "status is 200",
                    "path": "::status is 200",
                    "id": "6210a8cd14cd70477eba5c5e4cb3fb5f",
                    "passes": 35928,
                    "fails": 0
                },
                "response has awardId": {
                    "passes": 35928,
                    "fails": 0,
                    "name": "response has awardId",
                    "path": "::response has awardId",
                    "id": "6dcdd9299cb84cf73143ac3b0972cbb5"
                }
            }
    },
    "metrics": {
        "raffle_draw_duration_ms": {
            "min": 9.3154,
            "med": 28.213,
            "max": 508.2821,
            "p(90)": 35.489489999999996,
            "p(95)": 38.79650500000001,
            "avg": 31.036628751948413
        },
        "vus_max": {
            "value": 171,
            "min": 100,
            "max": 171
        },
        "checks": {
            "passes": 71856,
            "fails": 0,
            "value": 1
        },
        "iterations": {
            "count": 35928,
            "rate": 598.4982222338941
        },
        "http_req_blocked": {
            "avg": 0.0030757849031396115,
            "min": 0,
            "med": 0,
            "max": 1.8094,
            "p(90)": 0,
            "p(95)": 0
        },
        "http_req_sending": {
            "med": 0,
            "max": 3.0884,
            "p(90)": 0,
            "p(95)": 0,
            "avg": 0.002256034290803831,
            "min": 0
        },
        "http_req_waiting": {
            "avg": 30.95400238810944,
            "min": 9.3154,
            "med": 28.117150000000002,
            "max": 508.2821,
            "p(90)": 35.40231,
            "p(95)": 38.724615
        },
        "dropped_iterations": {
            "count": 73,
            "rate": 1.2160535020895755
        },
        "http_reqs": {
            "count": 35928,
            "rate": 598.4982222338941
        },
        "http_req_failed": {
            "passes": 0,
            "fails": 35928,
            "value": 0
        },
        "iteration_duration": {
            "max": 513.6313,
            "p(90)": 40.935489999999994,
            "p(95)": 44.28293,
            "avg": 36.48141702015143,
            "min": 14.4011,
            "med": 33.64855
        },
        "http_req_duration{expected_response:true}": {
            "min": 9.3154,
            "med": 28.213,
            "max": 508.2821,
            "p(90)": 35.489489999999996,
            "p(95)": 38.79650500000001,
            "avg": 31.036628751948413
        },
        "data_sent": {
            "count": 6300288,
            "rate": 104951.8806379853
        },
        "data_received": {
            "count": 8507485,
            "rate": 141719.95792088402
        },
        "raffle_draw_failed_rate": {
            "passes": 0,
            "fails": 35928,
            "value": 0
        },
        "http_req_connecting": {
            "avg": 0.002392855154753953,
            "min": 0,
            "med": 0,
            "max": 1.32,
            "p(90)": 0,
            "p(95)": 0
        },
        "http_req_duration": {
            "p(90)": 35.489489999999996,
            "p(95)": 38.79650500000001,
            "avg": 31.036628751948413,
            "min": 9.3154,
            "med": 28.213,
            "max": 508.2821
        },
        "http_req_tls_handshaking": {
            "avg": 0,
            "min": 0,
            "med": 0,
            "max": 0,
            "p(90)": 0,
            "p(95)": 0
        },
        "vus": {
            "value": 19,
            "min": 14,
            "max": 101
        },
        "http_req_receiving": {
            "min": 0,
            "med": 0,
            "max": 3.5506,
            "p(90)": 0.5085,
            "p(95)": 0.5349,
            "avg": 0.080370329547985
        }
    }
}