{
    "root_group": {
        "name": "",
        "path": "",
        "id": "d41d8cd98f00b204e9800998ecf8427e",
        "groups": {},
        "checks": {
                "status is 200": {
                    "name": "status is 200",
                    "path": "::status is 200",
                    "id": "6210a8cd14cd70477eba5c5e4cb3fb5f",
                    "passes": 6000,
                    "fails": 0
                },
                "awardId exists": {
                    "name": "awardId exists",
                    "path": "::awardId exists",
                    "id": "cd2a9e2e5c19fa1d0db66738766f48e5",
                    "passes": 6000,
                    "fails": 0
                }
            }
    },
    "metrics": {
        "iteration_duration": {
            "avg": 84.50096355000011,
            "min": 23.9906,
            "med": 49.2933,
            "max": 919.8206,
            "p(90)": 178.22886000000003,
            "p(95)": 268.8897850000001
        },
        "http_req_failed": {
            "passes": 0,
            "fails": 6000,
            "value": 0
        },
        "vus": {
            "value": 110,
            "min": 12,
            "max": 110
        },
        "http_req_duration{expected_response:true}": {
            "p(95)": 256.549975,
            "avg": 73.3876192500002,
            "min": 13.5885,
            "med": 38.3458,
            "max": 908.2558,
            "p(90)": 166.39695000000003
        },
        "http_req_connecting": {
            "p(90)": 0.5111,
            "p(95)": 0.5574900000000004,
            "avg": 0.1090786833333333,
            "min": 0,
            "med": 0,
            "max": 3.9212
        },
        "http_req_waiting": {
            "avg": 73.20010630000021,
            "min": 13.5885,
            "med": 38.1586,
            "max": 907.7431,
            "p(90)": 166.23875,
            "p(95)": 256.1909550000001
        },
        "http_req_tls_handshaking": {
            "avg": 0,
            "min": 0,
            "med": 0,
            "max": 0,
            "p(90)": 0,
            "p(95)": 0
        },
        "http_req_sending": {
            "max": 6.6473,
            "p(90)": 0,
            "p(95)": 0.5067050000000001,
            "avg": 0.045203850000000045,
            "min": 0,
            "med": 0
        },
        "data_received": {
            "count": 1451762,
            "rate": 95473.88411829218
        },
        "checks": {
            "passes": 12000,
            "fails": 0,
            "value": 1
        },
        "data_sent": {
            "count": 1057620,
            "rate": 69553.47317341834
        },
        "vus_max": {
            "value": 1600,
            "min": 1600,
            "max": 1600
        },
        "iterations": {
            "count": 6000,
            "rate": 394.58485943960034
        },
        "http_req_blocked": {
            "max": 4.8741,
            "p(90)": 0.51331,
            "p(95)": 0.7733850000000003,
            "avg": 0.13109168333333335,
            "min": 0,
            "med": 0
        },
        "http_req_receiving": {
            "max": 9.4312,
            "p(90)": 0.5131,
            "p(95)": 1.003,
            "avg": 0.14230910000000027,
            "min": 0,
            "med": 0
        },
        "http_req_duration": {
            "avg": 73.3876192500002,
            "min": 13.5885,
            "med": 38.3458,
            "max": 908.2558,
            "p(90)": 166.39695000000003,
            "p(95)": 256.549975
        },
        "http_reqs": {
            "count": 6000,
            "rate": 394.58485943960034
        }
    }
}